{
  "mappings": {
    "chorus0/asm/accessors/ChatMessageC2SPacketAccessor": {
      "chatMessage": "comp_945:Ljava/lang/String;"
    },
    "chorus0/asm/accessors/HandledScreenAccessor": {
      "focusedSlot": "field_2787:Lnet/minecraft/class_1735;"
    },
    "chorus0/asm/accessors/HeldItemRendererAccessor": {
      "equipProgressMainHand": "field_4043:F",
      "equipProgressOffHand": "field_4052:F",
      "mainHand": "field_4047:Lnet/minecraft/class_1799;",
      "offHand": "field_4048:Lnet/minecraft/class_1799;"
    },
    "chorus0/asm/accessors/MinecraftClientAccessor": {
      "mouse": "field_1729:Lnet/minecraft/class_312;"
    },
    "chorus0/asm/accessors/MouseHandlerAccessor": {
      "onMouseButton": "method_1601(JIII)V"
    },
    "chorus0/asm/accessors/PlayerEntityAccessor": {
      "getDamageAgainst": "method_59903(Lnet/minecraft/class_1297;FLnet/minecraft/class_1282;)F"
    },
    "chorus0/asm/accessors/PlayerInteractEntityC2SPacketAccessor": {
      "entityId": "field_12870:I",
      "type": "field_12871:Lnet/minecraft/class_2824$class_5906;"
    },
    "chorus0/asm/accessors/WorldRendererAccessor": {
      "frustum": "field_27740:Lnet/minecraft/class_4604;"
    },
    "chorus0/asm/mixins/CapeFeatureRendererMixin": {
      "render": "Lnet/minecraft/class_972;method_4177(Lnet/minecraft/class_4587;Lnet/minecraft/class_4597;ILnet/minecraft/class_10055;FF)V"
    },
    "chorus0/asm/mixins/ChatInputSuggestorMixin": {
      "refresh": "Lnet/minecraft/class_4717;method_23934()V"
    },
    "chorus0/asm/mixins/ClientConnectionMixin": {
      "handlePacket": "Lnet/minecraft/class_2535;method_10759(Lnet/minecraft/class_2596;Lnet/minecraft/class_2547;)V",
      "send(Lnet/minecraft/network/packet/Packet;)V": "Lnet/minecraft/class_2535;method_10743(Lnet/minecraft/class_2596;)V",
      "send(Lnet/minecraft/network/packet/Packet;Lnet/minecraft/network/PacketCallbacks;Z)V": "Lnet/minecraft/class_2535;method_52906(Lnet/minecraft/class_2596;Lnet/minecraft/class_7648;Z)V"
    },
    "chorus0/asm/mixins/ClientPlayNetworkHandlerMixin": {
      "Lnet/minecraft/client/particle/ParticleManager;addEmitter(Lnet/minecraft/entity/Entity;Lnet/minecraft/particle/ParticleEffect;I)V": "Lnet/minecraft/class_702;method_3051(Lnet/minecraft/class_1297;Lnet/minecraft/class_2394;I)V",
      "onEntityStatus": "Lnet/minecraft/class_634;method_11148(Lnet/minecraft/class_2663;)V",
      "sendChatMessage": "Lnet/minecraft/class_634;method_45729(Ljava/lang/String;)V"
    },
    "chorus0/asm/mixins/ClientPlayerEntityMixin": {
      "Lnet/minecraft/client/network/ClientPlayerEntity;getPitch()F": "Lnet/minecraft/class_746;method_36455()F",
      "Lnet/minecraft/client/network/ClientPlayerEntity;getYaw()F": "Lnet/minecraft/class_746;method_36454()F",
      "sendMovementPackets": "Lnet/minecraft/class_746;method_3136()V",
      "tick": "Lnet/minecraft/class_746;method_5773()V"
    },
    "chorus0/asm/mixins/ClientPlayerInteractionManagerMixin": {
      "Lnet/minecraft/client/network/ClientPlayerInteractionManager;syncSelectedSlot()V": "Lnet/minecraft/class_636;method_2911()V",
      "attackEntity": "Lnet/minecraft/class_636;method_2918(Lnet/minecraft/class_1657;Lnet/minecraft/class_1297;)V",
      "updateBlockBreakingProgress": "Lnet/minecraft/class_636;method_2902(Lnet/minecraft/class_2338;Lnet/minecraft/class_2350;)Z"
    },
    "chorus0/asm/mixins/ClientWorldMixin": {
      "addParticle(Lnet/minecraft/particle/ParticleEffect;DDDDDD)V": "Lnet/minecraft/class_638;method_8406(Lnet/minecraft/class_2394;DDDDDD)V"
    },
    "chorus0/asm/mixins/CobwebBlockMixin": {
      "onEntityCollision": "Lnet/minecraft/class_2560;method_9548(Lnet/minecraft/class_2680;Lnet/minecraft/class_1937;Lnet/minecraft/class_2338;Lnet/minecraft/class_1297;)V"
    },
    "chorus0/asm/mixins/EntityMixin": {
      "Lnet/minecraft/entity/Entity;isControlledByPlayer()Z": "Lnet/minecraft/class_1297;method_65038()Z",
      "Lnet/minecraft/entity/Entity;movementInputToVelocity(Lnet/minecraft/util/math/Vec3d;FF)Lnet/minecraft/util/math/Vec3d;": "Lnet/minecraft/class_1297;method_18795(Lnet/minecraft/class_243;FF)Lnet/minecraft/class_243;",
      "getBoundingBox": "Lnet/minecraft/class_1297;method_5829()Lnet/minecraft/class_238;",
      "move": "Lnet/minecraft/class_1297;method_5784(Lnet/minecraft/class_1313;Lnet/minecraft/class_243;)V",
      "pushAwayFrom": "Lnet/minecraft/class_1297;method_5697(Lnet/minecraft/class_1297;)V",
      "shouldRenderName": "Lnet/minecraft/class_1297;method_5733()Z",
      "updateVelocity": "Lnet/minecraft/class_1297;method_5724(FLnet/minecraft/class_243;)V"
    },
    "chorus0/asm/mixins/FireworkRocketEntityMixin": {
      "Lnet/minecraft/entity/LivingEntity;getRotationVector()Lnet/minecraft/util/math/Vec3d;": "Lnet/minecraft/class_1309;method_5720()Lnet/minecraft/class_243;",
      "tick": "Lnet/minecraft/class_1671;method_5773()V"
    },
    "chorus0/asm/mixins/GameRendererMixin": {
      "Lnet/minecraft/client/render/GameRenderer;renderHand:Z": "Lnet/minecraft/class_757;field_3992:Z",
      "Lnet/minecraft/entity/Entity;getRotationVec(F)Lnet/minecraft/util/math/Vec3d;": "Lnet/minecraft/class_1297;method_5828(F)Lnet/minecraft/class_243;",
      "Lnet/minecraft/entity/Entity;raycast(DFZ)Lnet/minecraft/util/hit/HitResult;": "Lnet/minecraft/class_1297;method_5745(DFZ)Lnet/minecraft/class_239;",
      "findCrosshairTarget": "Lnet/minecraft/class_757;method_56153(Lnet/minecraft/class_1297;DDF)Lnet/minecraft/class_239;",
      "floatingItemTimeLeft": "field_4007:I",
      "getBasicProjectionMatrix": "Lnet/minecraft/class_757;method_22973(F)Lorg/joml/Matrix4f;",
      "getFov": "method_3196(Lnet/minecraft/class_4184;FZ)F",
      "render": "Lnet/minecraft/class_757;method_3192(Lnet/minecraft/class_9779;Z)V",
      "renderWorld": "Lnet/minecraft/class_757;method_3188(Lnet/minecraft/class_9779;)V"
    },
    "chorus0/asm/mixins/HeldItemRendererMixin": {
      "renderFirstPersonItem": "Lnet/minecraft/class_759;method_3228(Lnet/minecraft/class_742;FFLnet/minecraft/class_1268;FLnet/minecraft/class_1799;FLnet/minecraft/class_4587;Lnet/minecraft/class_4597;I)V"
    },
    "chorus0/asm/mixins/InGameHudMixin": {
      "render": "Lnet/minecraft/class_329;method_1753(Lnet/minecraft/class_332;Lnet/minecraft/class_9779;)V",
      "renderScoreboardSidebar(Lnet/minecraft/client/gui/DrawContext;Lnet/minecraft/scoreboard/ScoreboardObjective;)V": "Lnet/minecraft/class_329;method_1757(Lnet/minecraft/class_332;Lnet/minecraft/class_266;)V"
    },
    "chorus0/asm/mixins/InGameOverlayRendererMixin": {
      "Lnet/minecraft/client/render/VertexConsumer;color(FFFF)Lnet/minecraft/client/render/VertexConsumer;": "Lnet/minecraft/class_4588;method_22915(FFFF)Lnet/minecraft/class_4588;",
      "renderFireOverlay": "Lnet/minecraft/class_4603;method_23070(Lnet/minecraft/class_4587;Lnet/minecraft/class_4597;)V"
    },
    "chorus0/asm/mixins/ItemMixin": {
      "Lnet/minecraft/entity/player/PlayerEntity;getRotationVector(FF)Lnet/minecraft/util/math/Vec3d;": "Lnet/minecraft/class_1657;method_5631(FF)Lnet/minecraft/class_243;",
      "raycast": "Lnet/minecraft/class_1792;method_7872(Lnet/minecraft/class_1937;Lnet/minecraft/class_1657;Lnet/minecraft/class_3959$class_242;)Lnet/minecraft/class_3965;"
    },
    "chorus0/asm/mixins/KeybindingMixin": {
      "isPressed": "Lnet/minecraft/class_304;method_1434()Z",
      "setPressed": "Lnet/minecraft/class_304;method_23481(Z)V"
    },
    "chorus0/asm/mixins/KeyboardInputMixin": {
      "(ZZZZZZZ)Lnet/minecraft/util/PlayerInput;": "(ZZZZZZZ)Lnet/minecraft/class_10185;",
      "tick": "Lnet/minecraft/class_743;method_3129()V"
    },
    "chorus0/asm/mixins/KeyboardMixin": {
      "onKey": "Lnet/minecraft/class_309;method_1466(JIIII)V"
    },
    "chorus0/asm/mixins/LivingEntityMixin": {
      "Lnet/minecraft/entity/LivingEntity;getPitch()F": "Lnet/minecraft/class_1309;method_36455()F",
      "Lnet/minecraft/entity/LivingEntity;getRotationVector()Lnet/minecraft/util/math/Vec3d;": "Lnet/minecraft/class_1309;method_5720()Lnet/minecraft/class_243;",
      "Lnet/minecraft/entity/LivingEntity;getYaw()F": "Lnet/minecraft/class_1309;method_36454()F",
      "calcGlidingVelocity": "Lnet/minecraft/class_1309;method_61430(Lnet/minecraft/class_243;)Lnet/minecraft/class_243;",
      "getBlockingItem": "Lnet/minecraft/class_1309;method_62821()Lnet/minecraft/class_1799;",
      "hasStatusEffect": "Lnet/minecraft/class_1309;method_6059(Lnet/minecraft/class_6880;)Z",
      "jump": "Lnet/minecraft/class_1309;method_6043()V",
      "tick": "Lnet/minecraft/class_1309;method_5773()V",
      "tickMovement": "Lnet/minecraft/class_1309;method_6007()V",
      "tickNewAi": "Lnet/minecraft/class_1309;method_6023()V",
      "turnHead": "Lnet/minecraft/class_1309;method_6031(FF)F"
    },
    "chorus0/asm/mixins/LivingEntityRendererMixin": {
      "Lnet/minecraft/entity/LivingEntity;getLerpedPitch(F)F": "Lnet/minecraft/class_1309;method_61414(F)F",
      "updateRenderState(Lnet/minecraft/entity/LivingEntity;Lnet/minecraft/client/render/entity/state/LivingEntityRenderState;F)V": "Lnet/minecraft/class_922;method_62355(Lnet/minecraft/class_1309;Lnet/minecraft/class_10042;F)V"
    },
    "chorus0/asm/mixins/MinecraftClientMixin": {
      "Lnet/minecraft/client/MinecraftClient;itemUseCooldown:I": "Lnet/minecraft/class_310;field_1752:I",
      "Lnet/minecraft/client/network/ClientPlayerEntity;isUsingItem()Z": "Lnet/minecraft/class_746;method_6115()Z",
      "Lnet/minecraft/client/network/ClientPlayerInteractionManager;isBreakingBlock()Z": "Lnet/minecraft/class_636;method_2923()Z",
      "doAttack": "Lnet/minecraft/class_310;method_1536()Z",
      "doItemUse": "Lnet/minecraft/class_310;method_1583()V",
      "handleBlockBreaking": "Lnet/minecraft/class_310;method_1590(Z)V",
      "handleInputEvents": "Lnet/minecraft/class_310;method_1508()V",
      "hasOutline": "Lnet/minecraft/class_310;method_27022(Lnet/minecraft/class_1297;)Z",
      "setWorld": "Lnet/minecraft/class_310;method_18097(Lnet/minecraft/class_638;)V",
      "tick": "Lnet/minecraft/class_310;method_1574()V"
    },
    "chorus0/asm/mixins/PlayerEntityMixin": {
      "Lnet/minecraft/entity/player/PlayerEntity;getYaw()F": "Lnet/minecraft/class_1657;method_36454()F",
      "getAttackCooldownProgressPerTick": "Lnet/minecraft/class_1657;method_7279()F",
      "getBlockInteractionRange": "Lnet/minecraft/class_1657;method_55754()D",
      "getEntityInteractionRange": "Lnet/minecraft/class_1657;method_55755()D",
      "tickNewAi": "Lnet/minecraft/class_1657;method_6023()V"
    },
    "chorus0/asm/mixins/PlayerListEntryMixin": {
      "getSkinTextures": "Lnet/minecraft/class_640;method_52810()Lnet/minecraft/class_8685;"
    },
    "chorus0/asm/mixins/RenderTickCounterMixin": {
      "Lnet/minecraft/client/render/RenderTickCounter$Dynamic;lastFrameDuration:F": "Lnet/minecraft/class_9779$class_9781;field_51958:F",
      "beginRenderTick(J)I": "Lnet/minecraft/class_9779$class_9781;method_60639(J)I"
    },
    "chorus0/asm/mixins/TextVisitFactoryMixin": {
      "Lnet/minecraft/text/TextVisitFactory;visitFormatted(Ljava/lang/String;ILnet/minecraft/text/Style;Lnet/minecraft/text/Style;Lnet/minecraft/text/CharacterVisitor;)Z": "Lnet/minecraft/class_5223;method_27473(Ljava/lang/String;ILnet/minecraft/class_2583;Lnet/minecraft/class_2583;Lnet/minecraft/class_5224;)Z",
      "visitFormatted(Ljava/lang/String;ILnet/minecraft/text/Style;Lnet/minecraft/text/CharacterVisitor;)Z": "Lnet/minecraft/class_5223;method_27472(Ljava/lang/String;ILnet/minecraft/class_2583;Lnet/minecraft/class_5224;)Z"
    }
  },
  "data": {
    "named:intermediary": {
      "chorus0/asm/accessors/ChatMessageC2SPacketAccessor": {
        "chatMessage": "comp_945:Ljava/lang/String;"
      },
      "chorus0/asm/accessors/HandledScreenAccessor": {
        "focusedSlot": "field_2787:Lnet/minecraft/class_1735;"
      },
      "chorus0/asm/accessors/HeldItemRendererAccessor": {
        "equipProgressMainHand": "field_4043:F",
        "equipProgressOffHand": "field_4052:F",
        "mainHand": "field_4047:Lnet/minecraft/class_1799;",
        "offHand": "field_4048:Lnet/minecraft/class_1799;"
      },
      "chorus0/asm/accessors/MinecraftClientAccessor": {
        "mouse": "field_1729:Lnet/minecraft/class_312;"
      },
      "chorus0/asm/accessors/MouseHandlerAccessor": {
        "onMouseButton": "method_1601(JIII)V"
      },
      "chorus0/asm/accessors/PlayerEntityAccessor": {
        "getDamageAgainst": "method_59903(Lnet/minecraft/class_1297;FLnet/minecraft/class_1282;)F"
      },
      "chorus0/asm/accessors/PlayerInteractEntityC2SPacketAccessor": {
        "entityId": "field_12870:I",
        "type": "field_12871:Lnet/minecraft/class_2824$class_5906;"
      },
      "chorus0/asm/accessors/WorldRendererAccessor": {
        "frustum": "field_27740:Lnet/minecraft/class_4604;"
      },
      "chorus0/asm/mixins/CapeFeatureRendererMixin": {
        "render": "Lnet/minecraft/class_972;method_4177(Lnet/minecraft/class_4587;Lnet/minecraft/class_4597;ILnet/minecraft/class_10055;FF)V"
      },
      "chorus0/asm/mixins/ChatInputSuggestorMixin": {
        "refresh": "Lnet/minecraft/class_4717;method_23934()V"
      },
      "chorus0/asm/mixins/ClientConnectionMixin": {
        "handlePacket": "Lnet/minecraft/class_2535;method_10759(Lnet/minecraft/class_2596;Lnet/minecraft/class_2547;)V",
        "send(Lnet/minecraft/network/packet/Packet;)V": "Lnet/minecraft/class_2535;method_10743(Lnet/minecraft/class_2596;)V",
        "send(Lnet/minecraft/network/packet/Packet;Lnet/minecraft/network/PacketCallbacks;Z)V": "Lnet/minecraft/class_2535;method_52906(Lnet/minecraft/class_2596;Lnet/minecraft/class_7648;Z)V"
      },
      "chorus0/asm/mixins/ClientPlayNetworkHandlerMixin": {
        "Lnet/minecraft/client/particle/ParticleManager;addEmitter(Lnet/minecraft/entity/Entity;Lnet/minecraft/particle/ParticleEffect;I)V": "Lnet/minecraft/class_702;method_3051(Lnet/minecraft/class_1297;Lnet/minecraft/class_2394;I)V",
        "onEntityStatus": "Lnet/minecraft/class_634;method_11148(Lnet/minecraft/class_2663;)V",
        "sendChatMessage": "Lnet/minecraft/class_634;method_45729(Ljava/lang/String;)V"
      },
      "chorus0/asm/mixins/ClientPlayerEntityMixin": {
        "Lnet/minecraft/client/network/ClientPlayerEntity;getPitch()F": "Lnet/minecraft/class_746;method_36455()F",
        "Lnet/minecraft/client/network/ClientPlayerEntity;getYaw()F": "Lnet/minecraft/class_746;method_36454()F",
        "sendMovementPackets": "Lnet/minecraft/class_746;method_3136()V",
        "tick": "Lnet/minecraft/class_746;method_5773()V"
      },
      "chorus0/asm/mixins/ClientPlayerInteractionManagerMixin": {
        "Lnet/minecraft/client/network/ClientPlayerInteractionManager;syncSelectedSlot()V": "Lnet/minecraft/class_636;method_2911()V",
        "attackEntity": "Lnet/minecraft/class_636;method_2918(Lnet/minecraft/class_1657;Lnet/minecraft/class_1297;)V",
        "updateBlockBreakingProgress": "Lnet/minecraft/class_636;method_2902(Lnet/minecraft/class_2338;Lnet/minecraft/class_2350;)Z"
      },
      "chorus0/asm/mixins/ClientWorldMixin": {
        "addParticle(Lnet/minecraft/particle/ParticleEffect;DDDDDD)V": "Lnet/minecraft/class_638;method_8406(Lnet/minecraft/class_2394;DDDDDD)V"
      },
      "chorus0/asm/mixins/CobwebBlockMixin": {
        "onEntityCollision": "Lnet/minecraft/class_2560;method_9548(Lnet/minecraft/class_2680;Lnet/minecraft/class_1937;Lnet/minecraft/class_2338;Lnet/minecraft/class_1297;)V"
      },
      "chorus0/asm/mixins/EntityMixin": {
        "Lnet/minecraft/entity/Entity;isControlledByPlayer()Z": "Lnet/minecraft/class_1297;method_65038()Z",
        "Lnet/minecraft/entity/Entity;movementInputToVelocity(Lnet/minecraft/util/math/Vec3d;FF)Lnet/minecraft/util/math/Vec3d;": "Lnet/minecraft/class_1297;method_18795(Lnet/minecraft/class_243;FF)Lnet/minecraft/class_243;",
        "getBoundingBox": "Lnet/minecraft/class_1297;method_5829()Lnet/minecraft/class_238;",
        "move": "Lnet/minecraft/class_1297;method_5784(Lnet/minecraft/class_1313;Lnet/minecraft/class_243;)V",
        "pushAwayFrom": "Lnet/minecraft/class_1297;method_5697(Lnet/minecraft/class_1297;)V",
        "shouldRenderName": "Lnet/minecraft/class_1297;method_5733()Z",
        "updateVelocity": "Lnet/minecraft/class_1297;method_5724(FLnet/minecraft/class_243;)V"
      },
      "chorus0/asm/mixins/FireworkRocketEntityMixin": {
        "Lnet/minecraft/entity/LivingEntity;getRotationVector()Lnet/minecraft/util/math/Vec3d;": "Lnet/minecraft/class_1309;method_5720()Lnet/minecraft/class_243;",
        "tick": "Lnet/minecraft/class_1671;method_5773()V"
      },
      "chorus0/asm/mixins/GameRendererMixin": {
        "Lnet/minecraft/client/render/GameRenderer;renderHand:Z": "Lnet/minecraft/class_757;field_3992:Z",
        "Lnet/minecraft/entity/Entity;getRotationVec(F)Lnet/minecraft/util/math/Vec3d;": "Lnet/minecraft/class_1297;method_5828(F)Lnet/minecraft/class_243;",
        "Lnet/minecraft/entity/Entity;raycast(DFZ)Lnet/minecraft/util/hit/HitResult;": "Lnet/minecraft/class_1297;method_5745(DFZ)Lnet/minecraft/class_239;",
        "findCrosshairTarget": "Lnet/minecraft/class_757;method_56153(Lnet/minecraft/class_1297;DDF)Lnet/minecraft/class_239;",
        "floatingItemTimeLeft": "field_4007:I",
        "getBasicProjectionMatrix": "Lnet/minecraft/class_757;method_22973(F)Lorg/joml/Matrix4f;",
        "getFov": "method_3196(Lnet/minecraft/class_4184;FZ)F",
        "render": "Lnet/minecraft/class_757;method_3192(Lnet/minecraft/class_9779;Z)V",
        "renderWorld": "Lnet/minecraft/class_757;method_3188(Lnet/minecraft/class_9779;)V"
      },
      "chorus0/asm/mixins/HeldItemRendererMixin": {
        "renderFirstPersonItem": "Lnet/minecraft/class_759;method_3228(Lnet/minecraft/class_742;FFLnet/minecraft/class_1268;FLnet/minecraft/class_1799;FLnet/minecraft/class_4587;Lnet/minecraft/class_4597;I)V"
      },
      "chorus0/asm/mixins/InGameHudMixin": {
        "render": "Lnet/minecraft/class_329;method_1753(Lnet/minecraft/class_332;Lnet/minecraft/class_9779;)V",
        "renderScoreboardSidebar(Lnet/minecraft/client/gui/DrawContext;Lnet/minecraft/scoreboard/ScoreboardObjective;)V": "Lnet/minecraft/class_329;method_1757(Lnet/minecraft/class_332;Lnet/minecraft/class_266;)V"
      },
      "chorus0/asm/mixins/InGameOverlayRendererMixin": {
        "Lnet/minecraft/client/render/VertexConsumer;color(FFFF)Lnet/minecraft/client/render/VertexConsumer;": "Lnet/minecraft/class_4588;method_22915(FFFF)Lnet/minecraft/class_4588;",
        "renderFireOverlay": "Lnet/minecraft/class_4603;method_23070(Lnet/minecraft/class_4587;Lnet/minecraft/class_4597;)V"
      },
      "chorus0/asm/mixins/ItemMixin": {
        "Lnet/minecraft/entity/player/PlayerEntity;getRotationVector(FF)Lnet/minecraft/util/math/Vec3d;": "Lnet/minecraft/class_1657;method_5631(FF)Lnet/minecraft/class_243;",
        "raycast": "Lnet/minecraft/class_1792;method_7872(Lnet/minecraft/class_1937;Lnet/minecraft/class_1657;Lnet/minecraft/class_3959$class_242;)Lnet/minecraft/class_3965;"
      },
      "chorus0/asm/mixins/KeybindingMixin": {
        "isPressed": "Lnet/minecraft/class_304;method_1434()Z",
        "setPressed": "Lnet/minecraft/class_304;method_23481(Z)V"
      },
      "chorus0/asm/mixins/KeyboardInputMixin": {
        "(ZZZZZZZ)Lnet/minecraft/util/PlayerInput;": "(ZZZZZZZ)Lnet/minecraft/class_10185;",
        "tick": "Lnet/minecraft/class_743;method_3129()V"
      },
      "chorus0/asm/mixins/KeyboardMixin": {
        "onKey": "Lnet/minecraft/class_309;method_1466(JIIII)V"
      },
      "chorus0/asm/mixins/LivingEntityMixin": {
        "Lnet/minecraft/entity/LivingEntity;getPitch()F": "Lnet/minecraft/class_1309;method_36455()F",
        "Lnet/minecraft/entity/LivingEntity;getRotationVector()Lnet/minecraft/util/math/Vec3d;": "Lnet/minecraft/class_1309;method_5720()Lnet/minecraft/class_243;",
        "Lnet/minecraft/entity/LivingEntity;getYaw()F": "Lnet/minecraft/class_1309;method_36454()F",
        "calcGlidingVelocity": "Lnet/minecraft/class_1309;method_61430(Lnet/minecraft/class_243;)Lnet/minecraft/class_243;",
        "getBlockingItem": "Lnet/minecraft/class_1309;method_62821()Lnet/minecraft/class_1799;",
        "hasStatusEffect": "Lnet/minecraft/class_1309;method_6059(Lnet/minecraft/class_6880;)Z",
        "jump": "Lnet/minecraft/class_1309;method_6043()V",
        "tick": "Lnet/minecraft/class_1309;method_5773()V",
        "tickMovement": "Lnet/minecraft/class_1309;method_6007()V",
        "tickNewAi": "Lnet/minecraft/class_1309;method_6023()V",
        "turnHead": "Lnet/minecraft/class_1309;method_6031(FF)F"
      },
      "chorus0/asm/mixins/LivingEntityRendererMixin": {
        "Lnet/minecraft/entity/LivingEntity;getLerpedPitch(F)F": "Lnet/minecraft/class_1309;method_61414(F)F",
        "updateRenderState(Lnet/minecraft/entity/LivingEntity;Lnet/minecraft/client/render/entity/state/LivingEntityRenderState;F)V": "Lnet/minecraft/class_922;method_62355(Lnet/minecraft/class_1309;Lnet/minecraft/class_10042;F)V"
      },
      "chorus0/asm/mixins/MinecraftClientMixin": {
        "Lnet/minecraft/client/MinecraftClient;itemUseCooldown:I": "Lnet/minecraft/class_310;field_1752:I",
        "Lnet/minecraft/client/network/ClientPlayerEntity;isUsingItem()Z": "Lnet/minecraft/class_746;method_6115()Z",
        "Lnet/minecraft/client/network/ClientPlayerInteractionManager;isBreakingBlock()Z": "Lnet/minecraft/class_636;method_2923()Z",
        "doAttack": "Lnet/minecraft/class_310;method_1536()Z",
        "doItemUse": "Lnet/minecraft/class_310;method_1583()V",
        "handleBlockBreaking": "Lnet/minecraft/class_310;method_1590(Z)V",
        "handleInputEvents": "Lnet/minecraft/class_310;method_1508()V",
        "hasOutline": "Lnet/minecraft/class_310;method_27022(Lnet/minecraft/class_1297;)Z",
        "setWorld": "Lnet/minecraft/class_310;method_18097(Lnet/minecraft/class_638;)V",
        "tick": "Lnet/minecraft/class_310;method_1574()V"
      },
      "chorus0/asm/mixins/PlayerEntityMixin": {
        "Lnet/minecraft/entity/player/PlayerEntity;getYaw()F": "Lnet/minecraft/class_1657;method_36454()F",
        "getAttackCooldownProgressPerTick": "Lnet/minecraft/class_1657;method_7279()F",
        "getBlockInteractionRange": "Lnet/minecraft/class_1657;method_55754()D",
        "getEntityInteractionRange": "Lnet/minecraft/class_1657;method_55755()D",
        "tickNewAi": "Lnet/minecraft/class_1657;method_6023()V"
      },
      "chorus0/asm/mixins/PlayerListEntryMixin": {
        "getSkinTextures": "Lnet/minecraft/class_640;method_52810()Lnet/minecraft/class_8685;"
      },
      "chorus0/asm/mixins/RenderTickCounterMixin": {
        "Lnet/minecraft/client/render/RenderTickCounter$Dynamic;lastFrameDuration:F": "Lnet/minecraft/class_9779$class_9781;field_51958:F",
        "beginRenderTick(J)I": "Lnet/minecraft/class_9779$class_9781;method_60639(J)I"
      },
      "chorus0/asm/mixins/TextVisitFactoryMixin": {
        "Lnet/minecraft/text/TextVisitFactory;visitFormatted(Ljava/lang/String;ILnet/minecraft/text/Style;Lnet/minecraft/text/Style;Lnet/minecraft/text/CharacterVisitor;)Z": "Lnet/minecraft/class_5223;method_27473(Ljava/lang/String;ILnet/minecraft/class_2583;Lnet/minecraft/class_2583;Lnet/minecraft/class_5224;)Z",
        "visitFormatted(Ljava/lang/String;ILnet/minecraft/text/Style;Lnet/minecraft/text/CharacterVisitor;)Z": "Lnet/minecraft/class_5223;method_27472(Ljava/lang/String;ILnet/minecraft/class_2583;Lnet/minecraft/class_5224;)Z"
      }
    }
  }
}