{
	"credit": "Made with Blockbench",
	"parent": "minecraft:item/handheld",
	"textures": {
		"layer0": "item/netherite_sword"
	},
	"display": {
		"thirdperson_righthand": {
			"rotation": [47, 90, 0],
			"translation": [0, -1, 0],
			"scale": [1.81, 1.81, 0.84]
		},
		"thirdperson_lefthand": {
			"rotation": [47, -90, 0],
			"translation": [0, -1, 0],
			"scale": [1.81, 1.81, 0.84]
		},
		"firstperson_righthand": {
			"rotation": [0, 82, 60],
			"translation": [4.25, 4, 0.25],
			"scale": [0.67, 0.67, 0.28]
		},
		"firstperson_lefthand": {
			"rotation": [0, -101, -60],
			"translation": [4.25, 4, 0.25],
			"scale": [0.67, 0.67, 0.28]
		},
		"ground": {
			"translation": [0, 3.25, 0]
		},
		"head": {
			"translation": [-15.75, 6.25, 0],
			"scale": [2.01, 2.01, 0.92]
		}
	}
}