{
  "blend": {
    "func": "add",
    "srcrgb": "srcalpha",
    "dstrgb": "1-srcalpha"
  },
  "vertex": "minecraft:core/position_color",
  "fragment": "chorus:core/circle",
  "attributes": [ "Position", "Color" ],
  "samplers": [],
  "uniforms": [
    { "name": "ModelViewMat", "type": "matrix4x4", "count": 16, "values": [ 1.0, 0.0, 0.0, 0.0, 0.0, 1.0, 0.0, 0.0, 0.0, 0.0, 1.0, 0.0, 0.0, 0.0, 0.0, 1.0 ] },
    { "name": "ProjMat", "type": "matrix4x4", "count": 16, "values": [ 1.0, 0.0, 0.0, 0.0, 0.0, 1.0, 0.0, 0.0, 0.0, 0.0, 1.0, 0.0, 0.0, 0.0, 0.0, 1.0 ] },
    { "name": "Origin", "type": "float", "count": 2, "values": [ 0.0, 0.0 ] },
    { "name": "Radius", "type": "float", "count": 1, "values": [ 5.0 ] },
    { "name": "StartAngle", "type": "float", "count": 2, "values": [ 0.0 ] },
    { "name": "AngleRange", "type": "float", "count": 1, "values": [ 360.0 ] }
  ]
}
