{"atlas":{"type":"msdf","distanceRange":8,"distanceRangeMiddle":0,"size":128,"width":852,"height":852,"yOrigin":"bottom"},"metrics":{"emSize":1,"lineHeight":1.2099609375,"ascender":0.96875,"descender":-0.2412109375,"underlineY":-0.2041015625,"underlineThickness":0.0927734375},"glyphs":[{"unicode":32,"advance":0.23681640625},{"unicode":33,"advance":0.337890625,"planeBounds":{"left":0.048095703125,"bottom":-0.04296875,"right":0.290283203125,"top":0.76171875},"atlasBounds":{"left":607.5,"bottom":476.5,"right":638.5,"top":579.5}},{"unicode":34,"advance":0.5517578125,"planeBounds":{"left":0.064697265625,"bottom":0.38671875,"right":0.486572265625,"top":0.76171875},"atlasBounds":{"left":497.5,"bottom":34.5,"right":551.5,"top":82.5}},{"unicode":35,"advance":0.64892578125,"planeBounds":{"left":-0.0234375,"bottom":-0.03515625,"right":0.671875,"top":0.76171875},"atlasBounds":{"left":760.5,"bottom":749.5,"right":849.5,"top":851.5}},{"unicode":36,"advance":0.65478515625,"planeBounds":{"left":0.007080078125,"bottom":-0.13671875,"right":0.647705078125,"top":0.86328125},"atlasBounds":{"left":67.5,"bottom":723.5,"right":149.5,"top":851.5}},{"unicode":37,"advance":1.015625,"planeBounds":{"left":0.05859375,"bottom":-0.05078125,"right":0.95703125,"top":0.77734375},"atlasBounds":{"left":190.5,"bottom":582.5,"right":305.5,"top":688.5}},{"unicode":38,"advance":0.671875,"planeBounds":{"left":0.005859375,"bottom":-0.04296875,"right":0.701171875,"top":0.76953125},"atlasBounds":{"left":599.5,"bottom":584.5,"right":688.5,"top":688.5}},{"unicode":39,"advance":0.3388671875,"planeBounds":{"left":0.063720703125,"bottom":0.38671875,"right":0.274658203125,"top":0.76171875},"atlasBounds":{"left":821.5,"bottom":188.5,"right":848.5,"top":236.5}},{"unicode":40,"advance":0.376953125,"planeBounds":{"left":0.049560546875,"bottom":-0.16796875,"right":0.377685546875,"top":0.80859375},"atlasBounds":{"left":278.5,"bottom":726.5,"right":320.5,"top":851.5}},{"unicode":41,"advance":0.376953125,"planeBounds":{"left":-0.00048828125,"bottom":-0.16796875,"right":0.32763671875,"top":0.80859375},"atlasBounds":{"left":321.5,"bottom":726.5,"right":363.5,"top":851.5}},{"unicode":42,"advance":0.55908203125,"planeBounds":{"left":0.044677734375,"bottom":0.28515625,"right":0.513427734375,"top":0.76171875},"atlasBounds":{"left":301.5,"bottom":21.5,"right":361.5,"top":82.5}},{"unicode":43,"advance":0.6787109375,"planeBounds":{"left":0.054443359375,"bottom":0.00390625,"right":0.624755859375,"top":0.57421875},"atlasBounds":{"left":227.5,"bottom":9.5,"right":300.5,"top":82.5}},{"unicode":44,"advance":0.333984375,"planeBounds":{"left":0.02392578125,"bottom":-0.23046875,"right":0.28173828125,"top":0.14453125},"atlasBounds":{"left":552.5,"bottom":34.5,"right":585.5,"top":82.5}},{"unicode":45,"advance":0.4677734375,"planeBounds":{"left":0.03466796875,"bottom":0.20703125,"right":0.43310546875,"top":0.39453125},"atlasBounds":{"left":63.5,"bottom":693.5,"right":114.5,"top":717.5}},{"unicode":46,"advance":0.333984375,"planeBounds":{"left":0.0498046875,"bottom":-0.04296875,"right":0.2841796875,"top":0.19140625},"atlasBounds":{"left":821.5,"bottom":237.5,"right":851.5,"top":267.5}},{"unicode":47,"advance":0.38818359375,"planeBounds":{"left":-0.0205078125,"bottom":-0.14453125,"right":0.4091796875,"top":0.79296875},"atlasBounds":{"left":552.5,"bottom":731.5,"right":607.5,"top":851.5}},{"unicode":48,"advance":0.67431640625,"planeBounds":{"left":0.012939453125,"bottom":-0.04296875,"right":0.661376953125,"top":0.76953125},"atlasBounds":{"left":689.5,"bottom":584.5,"right":772.5,"top":688.5}},{"unicode":49,"advance":0.43115234375,"planeBounds":{"left":0.01416015625,"bottom":-0.03515625,"right":0.39697265625,"top":0.76171875},"atlasBounds":{"left":499.5,"bottom":268.5,"right":548.5,"top":370.5}},{"unicode":50,"advance":0.6298828125,"planeBounds":{"left":0.021484375,"bottom":-0.03515625,"right":0.607421875,"top":0.76953125},"atlasBounds":{"left":716.5,"bottom":476.5,"right":791.5,"top":579.5}},{"unicode":51,"advance":0.6455078125,"planeBounds":{"left":0.015380859375,"bottom":-0.04296875,"right":0.632568359375,"top":0.76953125},"atlasBounds":{"left":0.5,"bottom":475.5,"right":79.5,"top":579.5}},{"unicode":52,"advance":0.67626953125,"planeBounds":{"left":0.01611328125,"bottom":-0.03515625,"right":0.66455078125,"top":0.76171875},"atlasBounds":{"left":376.5,"bottom":165.5,"right":459.5,"top":267.5}},{"unicode":53,"advance":0.63916015625,"planeBounds":{"left":0.03125,"bottom":-0.04296875,"right":0.625,"top":0.76171875},"atlasBounds":{"left":77.5,"bottom":371.5,"right":153.5,"top":474.5}},{"unicode":54,"advance":0.6494140625,"planeBounds":{"left":0.012451171875,"bottom":-0.04296875,"right":0.637451171875,"top":0.76953125},"atlasBounds":{"left":80.5,"bottom":475.5,"right":160.5,"top":579.5}},{"unicode":55,"advance":0.58154296875,"planeBounds":{"left":0.001708984375,"bottom":-0.03515625,"right":0.579833984375,"top":0.76171875},"atlasBounds":{"left":546.5,"bottom":165.5,"right":620.5,"top":267.5}},{"unicode":56,"advance":0.65087890625,"planeBounds":{"left":0.01318359375,"bottom":-0.04296875,"right":0.63818359375,"top":0.76953125},"atlasBounds":{"left":161.5,"bottom":475.5,"right":241.5,"top":579.5}},{"unicode":57,"advance":0.6494140625,"planeBounds":{"left":0.012451171875,"bottom":-0.04296875,"right":0.637451171875,"top":0.77734375},"atlasBounds":{"left":518.5,"bottom":583.5,"right":598.5,"top":688.5}},{"unicode":58,"advance":0.333984375,"planeBounds":{"left":0.0498046875,"bottom":-0.04296875,"right":0.2841796875,"top":0.55859375},"atlasBounds":{"left":196.5,"bottom":5.5,"right":226.5,"top":82.5}},{"unicode":59,"advance":0.3427734375,"planeBounds":{"left":0.0263671875,"bottom":-0.23046875,"right":0.2919921875,"top":0.55859375},"atlasBounds":{"left":816.5,"bottom":373.5,"right":850.5,"top":474.5}},{"unicode":60,"advance":0.6787109375,"planeBounds":{"left":0.048583984375,"bottom":-0.02734375,"right":0.611083984375,"top":0.60546875},"atlasBounds":{"left":76.5,"bottom":83.5,"right":148.5,"top":164.5}},{"unicode":61,"advance":0.6787109375,"planeBounds":{"left":0.062255859375,"bottom":0.07421875,"right":0.616943359375,"top":0.50390625},"atlasBounds":{"left":362.5,"bottom":27.5,"right":433.5,"top":82.5}},{"unicode":62,"advance":0.6787109375,"planeBounds":{"left":0.067626953125,"bottom":-0.02734375,"right":0.630126953125,"top":0.60546875},"atlasBounds":{"left":221.5,"bottom":83.5,"right":293.5,"top":164.5}},{"unicode":63,"advance":0.5595703125,"planeBounds":{"left":0.005859375,"bottom":-0.04296875,"right":0.544921875,"top":0.76953125},"atlasBounds":{"left":773.5,"bottom":584.5,"right":842.5,"top":688.5}},{"unicode":64,"advance":1.01611328125,"planeBounds":{"left":0.011962890625,"bottom":-0.24609375,"right":1.004150390625,"top":0.75390625},"atlasBounds":{"left":150.5,"bottom":723.5,"right":277.5,"top":851.5}},{"unicode":65,"advance":0.74658203125,"planeBounds":{"left":-0.009521484375,"bottom":-0.03515625,"right":0.756103515625,"top":0.76171875},"atlasBounds":{"left":81.5,"bottom":165.5,"right":179.5,"top":267.5}},{"unicode":66,"advance":0.66162109375,"planeBounds":{"left":0.031982421875,"bottom":-0.03515625,"right":0.656982421875,"top":0.76171875},"atlasBounds":{"left":0.5,"bottom":165.5,"right":80.5,"top":267.5}},{"unicode":67,"advance":0.73974609375,"planeBounds":{"left":0.01220703125,"bottom":-0.04296875,"right":0.73095703125,"top":0.76953125},"atlasBounds":{"left":242.5,"bottom":475.5,"right":334.5,"top":579.5}},{"unicode":68,"advance":0.72216796875,"planeBounds":{"left":0.03125,"bottom":-0.03515625,"right":0.7109375,"top":0.76171875},"atlasBounds":{"left":692.5,"bottom":268.5,"right":779.5,"top":370.5}},{"unicode":69,"advance":0.607421875,"planeBounds":{"left":0.032470703125,"bottom":-0.03515625,"right":0.587158203125,"top":0.76171875},"atlasBounds":{"left":620.5,"bottom":268.5,"right":691.5,"top":370.5}},{"unicode":70,"advance":0.5869140625,"planeBounds":{"left":0.03173828125,"bottom":-0.03515625,"right":0.57861328125,"top":0.76171875},"atlasBounds":{"left":549.5,"bottom":268.5,"right":619.5,"top":370.5}},{"unicode":71,"advance":0.75048828125,"planeBounds":{"left":0.0146484375,"bottom":-0.04296875,"right":0.7333984375,"top":0.76953125},"atlasBounds":{"left":335.5,"bottom":475.5,"right":427.5,"top":579.5}},{"unicode":72,"advance":0.7470703125,"planeBounds":{"left":0.03369140625,"bottom":-0.03515625,"right":0.71337890625,"top":0.76171875},"atlasBounds":{"left":411.5,"bottom":268.5,"right":498.5,"top":370.5}},{"unicode":73,"advance":0.28076171875,"planeBounds":{"left":0.031005859375,"bottom":-0.03515625,"right":0.249755859375,"top":0.76171875},"atlasBounds":{"left":820.5,"bottom":477.5,"right":848.5,"top":579.5}},{"unicode":74,"advance":0.58447265625,"planeBounds":{"left":-0.00146484375,"bottom":-0.04296875,"right":0.55322265625,"top":0.76171875},"atlasBounds":{"left":240.5,"bottom":371.5,"right":311.5,"top":474.5}},{"unicode":75,"advance":0.71923828125,"planeBounds":{"left":0.032470703125,"bottom":-0.03515625,"right":0.727783203125,"top":0.76171875},"atlasBounds":{"left":112.5,"bottom":268.5,"right":201.5,"top":370.5}},{"unicode":76,"advance":0.5654296875,"planeBounds":{"left":0.03173828125,"bottom":-0.03515625,"right":0.56298828125,"top":0.76171875},"atlasBounds":{"left":621.5,"bottom":165.5,"right":689.5,"top":267.5}},{"unicode":77,"advance":0.931640625,"planeBounds":{"left":0.032470703125,"bottom":-0.03515625,"right":0.899658203125,"top":0.76171875},"atlasBounds":{"left":0.5,"bottom":268.5,"right":111.5,"top":370.5}},{"unicode":78,"advance":0.76220703125,"planeBounds":{"left":0.033447265625,"bottom":-0.03515625,"right":0.728759765625,"top":0.76171875},"atlasBounds":{"left":726.5,"bottom":372.5,"right":815.5,"top":474.5}},{"unicode":79,"advance":0.7705078125,"planeBounds":{"left":0.01416015625,"bottom":-0.04296875,"right":0.75634765625,"top":0.76953125},"atlasBounds":{"left":428.5,"bottom":475.5,"right":523.5,"top":579.5}},{"unicode":80,"advance":0.64794921875,"planeBounds":{"left":0.033203125,"bottom":-0.03515625,"right":0.642578125,"top":0.76171875},"atlasBounds":{"left":567.5,"bottom":372.5,"right":645.5,"top":474.5}},{"unicode":81,"advance":0.77685546875,"planeBounds":{"left":0.01416015625,"bottom":-0.09765625,"right":0.75634765625,"top":0.76953125},"atlasBounds":{"left":664.5,"bottom":740.5,"right":759.5,"top":851.5}},{"unicode":82,"advance":0.65673828125,"planeBounds":{"left":0.034423828125,"bottom":-0.03515625,"right":0.667236328125,"top":0.76171875},"atlasBounds":{"left":387.5,"bottom":372.5,"right":468.5,"top":474.5}},{"unicode":83,"advance":0.65478515625,"planeBounds":{"left":0.007080078125,"bottom":-0.04296875,"right":0.647705078125,"top":0.76953125},"atlasBounds":{"left":524.5,"bottom":475.5,"right":606.5,"top":579.5}},{"unicode":84,"advance":0.66748046875,"planeBounds":{"left":0.001708984375,"bottom":-0.03515625,"right":0.665771484375,"top":0.76171875},"atlasBounds":{"left":460.5,"bottom":165.5,"right":545.5,"top":267.5}},{"unicode":85,"advance":0.73193359375,"planeBounds":{"left":0.0341796875,"bottom":-0.04296875,"right":0.6982421875,"top":0.76171875},"atlasBounds":{"left":154.5,"bottom":371.5,"right":239.5,"top":474.5}},{"unicode":86,"advance":0.74658203125,"planeBounds":{"left":-0.009521484375,"bottom":-0.03515625,"right":0.756103515625,"top":0.76171875},"atlasBounds":{"left":277.5,"bottom":165.5,"right":375.5,"top":267.5}},{"unicode":87,"advance":1.03759765625,"planeBounds":{"left":-0.008544921875,"bottom":-0.03515625,"right":1.046142578125,"top":0.76171875},"atlasBounds":{"left":275.5,"bottom":268.5,"right":410.5,"top":370.5}},{"unicode":88,"advance":0.73828125,"planeBounds":{"left":-0.009765625,"bottom":-0.03515625,"right":0.748046875,"top":0.76171875},"atlasBounds":{"left":469.5,"bottom":372.5,"right":566.5,"top":474.5}},{"unicode":89,"advance":0.73095703125,"planeBounds":{"left":-0.009521484375,"bottom":-0.03515625,"right":0.740478515625,"top":0.76171875},"atlasBounds":{"left":180.5,"bottom":165.5,"right":276.5,"top":267.5}},{"unicode":90,"advance":0.6640625,"planeBounds":{"left":0.0234375,"bottom":-0.03515625,"right":0.640625,"top":0.76171875},"atlasBounds":{"left":646.5,"bottom":372.5,"right":725.5,"top":474.5}},{"unicode":91,"advance":0.376953125,"planeBounds":{"left":0.0556640625,"bottom":-0.16796875,"right":0.3603515625,"top":0.80859375},"atlasBounds":{"left":418.5,"bottom":726.5,"right":457.5,"top":851.5}},{"unicode":92,"advance":0.38818359375,"planeBounds":{"left":-0.0205078125,"bottom":-0.14453125,"right":0.4091796875,"top":0.79296875},"atlasBounds":{"left":608.5,"bottom":731.5,"right":663.5,"top":851.5}},{"unicode":93,"advance":0.376953125,"planeBounds":{"left":0.016845703125,"bottom":-0.16796875,"right":0.321533203125,"top":0.80859375},"atlasBounds":{"left":458.5,"bottom":726.5,"right":497.5,"top":851.5}},{"unicode":94,"advance":0.48681640625,"planeBounds":{"left":0.001220703125,"bottom":0.36328125,"right":0.485595703125,"top":0.74609375},"atlasBounds":{"left":434.5,"bottom":33.5,"right":496.5,"top":82.5}},{"unicode":95,"advance":0.47607421875,"planeBounds":{"left":-0.031494140625,"bottom":-0.14453125,"right":0.507568359375,"top":0.03515625},"atlasBounds":{"left":115.5,"bottom":694.5,"right":184.5,"top":717.5}},{"unicode":96,"advance":0.365234375,"planeBounds":{"left":0.043701171875,"bottom":0.58203125,"right":0.317138671875,"top":0.80078125},"atlasBounds":{"left":27.5,"bottom":689.5,"right":62.5,"top":717.5}},{"unicode":97,"advance":0.58056640625,"planeBounds":{"left":-0.001708984375,"bottom":-0.04296875,"right":0.552978515625,"top":0.58984375},"atlasBounds":{"left":149.5,"bottom":83.5,"right":220.5,"top":164.5}},{"unicode":98,"advance":0.63037109375,"planeBounds":{"left":0.029541015625,"bottom":-0.04296875,"right":0.623291015625,"top":0.76171875},"atlasBounds":{"left":0.5,"bottom":371.5,"right":76.5,"top":474.5}},{"unicode":99,"advance":0.58837890625,"planeBounds":{"left":0.005859375,"bottom":-0.04296875,"right":0.583984375,"top":0.58984375},"atlasBounds":{"left":294.5,"bottom":83.5,"right":368.5,"top":164.5}},{"unicode":100,"advance":0.63037109375,"planeBounds":{"left":0.0068359375,"bottom":-0.04296875,"right":0.6005859375,"top":0.76171875},"atlasBounds":{"left":639.5,"bottom":476.5,"right":715.5,"top":579.5}},{"unicode":101,"advance":0.595703125,"planeBounds":{"left":0.005859375,"bottom":-0.04296875,"right":0.591796875,"top":0.58984375},"atlasBounds":{"left":0.5,"bottom":83.5,"right":75.5,"top":164.5}},{"unicode":102,"advance":0.39794921875,"planeBounds":{"left":-0.023681640625,"bottom":-0.03515625,"right":0.421630859375,"top":0.79296875},"atlasBounds":{"left":460.5,"bottom":582.5,"right":517.5,"top":688.5}},{"unicode":103,"advance":0.6318359375,"planeBounds":{"left":0.007568359375,"bottom":-0.25390625,"right":0.601318359375,"top":0.58984375},"atlasBounds":{"left":0.5,"bottom":580.5,"right":76.5,"top":688.5}},{"unicode":104,"advance":0.62255859375,"planeBounds":{"left":0.0302734375,"bottom":-0.03515625,"right":0.5927734375,"top":0.76171875},"atlasBounds":{"left":202.5,"bottom":268.5,"right":274.5,"top":370.5}},{"unicode":105,"advance":0.27099609375,"planeBounds":{"left":0.022705078125,"bottom":-0.03515625,"right":0.249267578125,"top":0.80078125},"atlasBounds":{"left":77.5,"bottom":581.5,"right":106.5,"top":688.5}},{"unicode":106,"advance":0.27099609375,"planeBounds":{"left":-0.056396484375,"bottom":-0.23828125,"right":0.248291015625,"top":0.80078125},"atlasBounds":{"left":27.5,"bottom":718.5,"right":66.5,"top":851.5}},{"unicode":107,"advance":0.580078125,"planeBounds":{"left":0.030029296875,"bottom":-0.03515625,"right":0.608154296875,"top":0.76171875},"atlasBounds":{"left":312.5,"bottom":372.5,"right":386.5,"top":474.5}},{"unicode":108,"advance":0.27099609375,"planeBounds":{"left":0.0302734375,"bottom":-0.03515625,"right":0.2412109375,"top":0.76171875},"atlasBounds":{"left":792.5,"bottom":477.5,"right":819.5,"top":579.5}},{"unicode":109,"advance":0.91259765625,"planeBounds":{"left":0.030517578125,"bottom":-0.03515625,"right":0.882080078125,"top":0.58984375},"atlasBounds":{"left":369.5,"bottom":84.5,"right":478.5,"top":164.5}},{"unicode":110,"advance":0.62255859375,"planeBounds":{"left":0.030029296875,"bottom":-0.03515625,"right":0.592529296875,"top":0.58984375},"atlasBounds":{"left":479.5,"bottom":84.5,"right":551.5,"top":164.5}},{"unicode":111,"advance":0.61328125,"planeBounds":{"left":0.005859375,"bottom":-0.04296875,"right":0.607421875,"top":0.58984375},"atlasBounds":{"left":743.5,"bottom":186.5,"right":820.5,"top":267.5}},{"unicode":112,"advance":0.63037109375,"planeBounds":{"left":0.029541015625,"bottom":-0.23828125,"right":0.623291015625,"top":0.58984375},"atlasBounds":{"left":383.5,"bottom":582.5,"right":459.5,"top":688.5}},{"unicode":113,"advance":0.63037109375,"planeBounds":{"left":0.0068359375,"bottom":-0.23828125,"right":0.6005859375,"top":0.58984375},"atlasBounds":{"left":306.5,"bottom":582.5,"right":382.5,"top":688.5}},{"unicode":114,"advance":0.4072265625,"planeBounds":{"left":0.030517578125,"bottom":-0.03515625,"right":0.421142578125,"top":0.58984375},"atlasBounds":{"left":552.5,"bottom":84.5,"right":602.5,"top":164.5}},{"unicode":115,"advance":0.56005859375,"planeBounds":{"left":0.00341796875,"bottom":-0.04296875,"right":0.55810546875,"top":0.58984375},"atlasBounds":{"left":780.5,"bottom":289.5,"right":851.5,"top":370.5}},{"unicode":116,"advance":0.3662109375,"planeBounds":{"left":-0.02392578125,"bottom":-0.04296875,"right":0.38232421875,"top":0.70703125},"atlasBounds":{"left":690.5,"bottom":171.5,"right":742.5,"top":267.5}},{"unicode":117,"advance":0.62255859375,"planeBounds":{"left":0.0302734375,"bottom":-0.04296875,"right":0.5927734375,"top":0.58203125},"atlasBounds":{"left":603.5,"bottom":84.5,"right":675.5,"top":164.5}},{"unicode":118,"advance":0.599609375,"planeBounds":{"left":-0.0166015625,"bottom":-0.03515625,"right":0.6162109375,"top":0.58203125},"atlasBounds":{"left":114.5,"bottom":3.5,"right":195.5,"top":82.5}},{"unicode":119,"advance":0.85009765625,"planeBounds":{"left":-0.016357421875,"bottom":-0.03515625,"right":0.866455078125,"top":0.58203125},"atlasBounds":{"left":0.5,"bottom":3.5,"right":113.5,"top":82.5}},{"unicode":120,"advance":0.580078125,"planeBounds":{"left":-0.0107421875,"bottom":-0.03515625,"right":0.5908203125,"top":0.58203125},"atlasBounds":{"left":676.5,"bottom":85.5,"right":753.5,"top":164.5}},{"unicode":121,"advance":0.60205078125,"planeBounds":{"left":-0.01953125,"bottom":-0.24609375,"right":0.62109375,"top":0.58203125},"atlasBounds":{"left":107.5,"bottom":582.5,"right":189.5,"top":688.5}},{"unicode":122,"advance":0.57275390625,"planeBounds":{"left":0.024658203125,"bottom":-0.03515625,"right":0.548095703125,"top":0.58203125},"atlasBounds":{"left":754.5,"bottom":85.5,"right":821.5,"top":164.5}},{"unicode":123,"advance":0.46875,"planeBounds":{"left":0.036865234375,"bottom":-0.16796875,"right":0.450927734375,"top":0.80859375},"atlasBounds":{"left":364.5,"bottom":726.5,"right":417.5,"top":851.5}},{"unicode":124,"advance":0.37158203125,"planeBounds":{"left":0.083984375,"bottom":-0.26953125,"right":0.287109375,"top":0.99609375},"atlasBounds":{"left":0.5,"bottom":689.5,"right":26.5,"top":851.5}},{"unicode":125,"advance":0.46875,"planeBounds":{"left":0.01806640625,"bottom":-0.16796875,"right":0.43212890625,"top":0.80859375},"atlasBounds":{"left":498.5,"bottom":726.5,"right":551.5,"top":851.5}},{"unicode":126,"advance":0.6787109375,"planeBounds":{"left":0.042477515435987934,"bottom":0.14453125,"right":0.63622751543598799,"top":0.44140625},"atlasBounds":{"left":586.5,"bottom":44.5,"right":662.5,"top":82.5}}],"kerning":[]}
